performance_tier,network_bandwidth,client_name,i_reliability,i_performance_factor,cpu,ram,expected_execution_time,data_ratio,discrepancy_level
2,4.68,orthogonal-bell,0.03443,0.87,8,32,80,0.0009274605614571,0.4149508668002417
1,24.28,hidden-gallery,0.0688,0.93,4,16,160,0.0005581938564325,0.2290821751350505
2,23.41,inverted-bounce,0.02986,1.03,8,32,80,0.0004959337724458,0.3873569647928663
2,31.84,mild-exposure,0.06914,1.09,8,32,80,0.0034006887253428,0.315033553203848
1,22.37,charitable-basis,0.12973,1.53,4,16,160,0.0010519807294305,0.277534806128929
2,26.59,quiet-mesh,0.02347,0.82,8,32,80,0.0031537952888438,0.4823354251738625
2,22.83,pounded-diffusion,0.04291,1.12,8,32,80,0.0017948079383753,0.338346742541763
0,21.72,vain-source,0.07669,1.18,16,64,40,0.0001867802519601,0.4347788015532022
2,17.54,several-wall,0.15801,1.01,8,32,80,0.0038966224977886,0.4008778731867337
0,25.52,frigid-prison,0.13578,1.08,16,64,40,0.0030915352048571,0.4520998428961866
2,12.85,mint-kilometer,0.13477,1.02,8,32,80,0.0001245201679734,0.4117697299717738
0,16.69,merciless-watt,0.31688,1.11,16,64,40,0.0038966224977886,0.4240488173173006
0,24.3,furious-wheat,0.20102,1.25,16,64,40,0.0004959337724458,0.3177239714897533
2,16.82,each-phase,0.2754,1.06,8,32,80,0.0034006887253428,0.5577929784778659
1,44.53,complete-denouement,0.11905,1.05,4,16,160,0.0006183070409714,0.4269856663134167
0,20.34,nice-museum,0.02371,0.96,16,64,40,0.0007428272089448,0.4908512288722482
0,23.76,cloudy-iteration,0.05716,0.91,16,64,40,0.0021039614588611,0.3872766516471349
2,0.57,tart-ownership,0.01653,1.07,8,32,80,0.0037098422458285,0.4380108485590613
0,17.57,jovial-nickel,0.11793,0.78,16,64,40,0.0003091535204857,0.4027785149859177
2,18.89,silly-defilade,0.16732,0.97,8,32,80,0.0009897206454438,0.3628269479299228
2,2.38,citric-order,0.01728,0.93,8,32,80,0.0010519807294305,0.3102667816297556
0,25.55,stone-title,0.05394,0.89,16,64,40,0.0038343624138019,0.3921094845227531
0,32.97,giant-cloth,0.39656,1.12,16,64,40,0.0018549211229142,0.3635214078218399
2,11.94,claret-key,0.02364,1.17,8,32,80,0.0001245201679734,0.3130507721930373
0,14.62,level-lumen,0.08934,1.06,16,64,40,0.0021640746434,0.5692927502363488
2,21.12,zesty-daemon,0.52246,1.01,8,32,80,0.0013611342499162,0.5235148658591795
1,24.15,prompt-volume,0.12494,0.96,4,16,160,0.0005581938564325,0.3551221506479837
2,31.52,largo-bulldozer,0.18228,0.85,8,32,80,0.0014233943339029,0.4496516415994798
0,24.52,intractable-officer,0.02611,1.02,16,64,40,0.0002490403359468,0.3255675814812057
0,36.85,swift-station,0.15747,0.98,16,64,40,0.0001245201679734,0.2856681982307195
1,28.06,generative-dill,0.09863,0.81,4,16,160,0.0019171812069009,0.3621731495730225
2,15.91,ripe-stork,0.08578,0.86,8,32,80,0.0031537952888438,0.1403188686021362
0,9.51,sunny-swell,0.00289,0.87,16,64,40,0.0003714136044724,0.4547024745344231
1,40.33,brilliant-pique,0.07006,1.01,4,16,160,0.0001245201679734,0.4739973258165417
2,27.03,elaborate-circle,0.17513,0.56,8,32,80,0.0009274605614571,0.2785814230806795
0,16.63,strong-matrix,0.20182,0.97,16,64,40,0.0031537952888438,0.3258008042387837
1,43.21,mashed-filter,0.19017,1.44,4,16,160,0.0038343624138019,0.4433554847014431
2,11.92,recent-octagon,0.32198,0.78,8,32,80,0.0022263347273867,0.6043758105098859
1,38.55,complete-box,0.35902,0.91,4,16,160,0.0001245201679734,0.2931871584880706
1,34.04,brass-itinerary,0.14802,0.97,4,16,160,0.0038966224977886,0.2903142495186616
1,30.65,bent-jackal,0.04756,1.82,4,16,160,0.0003714136044724,0.3009152222229766
0,25.59,golden-cornice,0.26146,1.03,16,64,40,0.0001245201679734,0.1685049892485869
1,13.25,weary-protagonist,0.20254,1.06,4,16,160,0.0021640746434,0.3577616363486137
1,14.87,exponential-refresh,0.01718,0.96,4,16,160,0.0014233943339029,0.3037594977008116
0,19.02,average-tracking,0.00023,0.76,16,64,40,0.0003091535204857,0.4457028155431359
0,14.33,salmon-hoop,0.03952,1.1,16,64,40,0.0014233943339029,0.4103787248274497
1,2.37,courtly-corona,0.06147,1.1,4,16,160,0.0022885948113734,0.6180502516967161
1,11.28,isomorphic-liability,0.13071,1.16,4,16,160,0.0004336736884591,0.4491321686503131
2,20.47,angry-cafe,0.05914,0.95,8,32,80,0.0037098422458285,0.2855368010964276
0,19.5,caramel-townhouse,0.10185,1.14,16,64,40,0.0016080276864152,0.2117350072135356
2,29.85,simple-quasar,0.09311,1.1,8,32,80,0.0029069018523448,0.4767332241345869
1,28.28,plain-chambray,0.01214,1.17,4,16,160,0.0036497290612896,0.2481715228720115
1,28.59,muted-hawk,0.09206,1.28,4,16,160,0.0009274605614571,0.4913707908020305
0,18.99,celeste-cricket,0.00395,0.67,16,64,40,0.0009274605614571,0.4132402941497547
1,31.78,crimson-arena,0.06866,1.16,4,16,160,0.0037721023298152,0.7634855624619413
2,21.33,perpendicular-negation,0.10686,1.0,8,32,80,0.0027823816843714,0.3368629405783914
0,21.88,national-bowl,0.14087,1.08,16,64,40,0.0029069018523448,0.379606235185418
0,9.46,progressive-contingency,0.00255,0.96,16,64,40,0.0001867802519601,0.4369158001772083
2,0.0,huge-wall,0.20339,1.03,8,32,80,0.0017325478543886,0.4392637364170053
2,35.72,saucy-hint,0.10281,1.25,8,32,80,0.0021039614588611,0.5457953139721571
2,0.0,decidable-broadcast,0.09447,1.13,8,32,80,0.0014233943339029,0.4220825514125556
2,12.0,few-string,0.04906,1.24,8,32,80,0.0034006887253428,0.3320367689433273
2,26.13,impulsive-osprey,0.08186,1.15,8,32,80,0.0020417013748744,0.3948582682565071
1,23.99,grating-hand,0.15665,0.79,4,16,160,0.0008673473769182,0.2898111278166793
2,17.15,isothermal-sitrep,0.21448,0.78,8,32,80,0.0001245201679734,0.220192618119944
2,26.66,hoary-cheetah,0.00356,0.98,8,32,80,0.0038966224977886,0.3723315988049367
2,19.98,burning-dog,0.08769,0.98,8,32,80,0.0038966224977886,0.3345571225200253
0,17.67,proper-sharp,0.03148,0.99,16,64,40,0.0024131149793468,0.3119387608849213
0,21.93,orange-zinfandel,0.04003,1.34,16,64,40,0.0027222684998325,0.4489041289850413
2,27.25,acyclic-parmesan,0.01762,0.79,8,32,80,0.0038343624138019,0.2092054163472709
1,31.36,chartreuse-width,0.03639,0.97,4,16,160,0.0038966224977886,0.4781022688022501
1,9.49,canary-crow,0.17939,0.88,4,16,160,0.0035252088933162,0.3099122797223373
1,14.62,bone-chord,0.19835,0.9,4,16,160,0.0008673473769182,0.2643205910894192
2,18.08,faded-sharp,0.17173,1.0,8,32,80,0.0038343624138019,0.393482399219106
1,18.89,legato-holder,0.06786,0.84,4,16,160,0.0008050872929315,0.4304769668353077
1,13.06,boxy-spaniel,0.00862,0.94,4,16,160,0.0035874689773029,0.2467288431701737
2,18.4,commutative-sport,0.00156,0.76,8,32,80,0.0011142408134172,0.3683946639364162
2,12.1,closed-banana,0.06428,0.98,8,32,80,0.0038343624138019,0.2628998089179235
2,22.07,humble-partition,0.10163,0.76,8,32,80,0.0029069018523448,0.368509636499886
0,12.2,caramel-envelope,0.05493,0.84,16,64,40,0.0032160553728305,0.2582870784208802
0,18.32,square-bosun,0.12131,1.12,16,64,40,0.0034006887253428,0.4531300733639598
1,24.78,sweet-fermata,0.0418,0.98,4,16,160,0.0001867802519601,0.4517163814947919
1,12.52,mild-yield,0.05366,0.78,4,16,160,0.0027222684998325,0.2894036852143297
0,19.55,clear-mayonnaise,0.06668,1.04,16,64,40,0.0001867802519601,0.2848385637241157
2,16.94,intense-whisky,0.0424,0.97,8,32,80,0.0016080276864152,0.3881252447973468
1,14.1,sour-acorn,0.00207,1.24,4,16,160,0.0008673473769182,0.270143873549291
2,36.82,average-survey,0.04086,1.12,8,32,80,0.0037721023298152,0.3860272524728619
1,22.33,nervous-unit,0.34073,1.19,4,16,160,0.0036497290612896,0.3646773947222666
1,31.82,acoustic-facilitator,0.79466,1.1,4,16,160,0.0008050872929315,0.333307054288988
2,24.27,beige-mandrill,0.08738,0.86,8,32,80,0.0038343624138019,0.3090584305914139
1,21.04,skinny-precision,0.05714,1.1,4,16,160,0.0029069018523448,0.5141909105484143
0,25.51,stringy-pollen,0.11055,0.89,16,64,40,0.0024732281638857,0.4839241661763485
1,39.46,kinetic-mean,0.17471,0.81,4,16,160,0.0038343624138019,0.4639460251607397
1,30.17,other-sonar,0.0317,0.71,4,16,160,0.0001245201679734,0.2743465566594943
2,33.23,alternate-origin,0.02848,0.96,8,32,80,0.0006805671249581,0.3898916845736045
1,19.39,crunchy-shepherd,0.0428,0.87,4,16,160,0.0011142408134172,0.4366314475849102
2,29.94,braised-query,0.26911,1.01,8,32,80,0.0001245201679734,0.3351962005124732
2,15.29,rowdy-gazebo,0.01567,1.21,8,32,80,0.0008673473769182,0.3663682850609482
1,24.51,lazy-object,0.01189,1.17,4,16,160,0.0038966224977886,0.3952290812285246
1,13.12,internal-phone,0.04068,0.8,4,16,160,0.0029069018523448,0.4596841400510461
1,0.21,weighted-shares,0.12661,0.87,4,16,160,0.0038343624138019,0.3654745311410206
1,10.86,radiant-lamp,0.03909,1.24,4,16,160,0.0025977483318591,0.4928716324817966
2,20.51,every-butterkase,0.30311,1.29,8,32,80,0.0008050872929315,0.3702980069608229
2,22.63,rosy-stadium,0.00613,0.96,8,32,80,0.0038966224977886,0.2588159764921878
2,23.34,tranquil-mascarpone,0.03311,1.1,8,32,80,0.0038343624138019,0.4632983587619569
2,10.97,parallel-app,0.20527,0.38,8,32,80,0.0032160553728305,0.4862977072584789
1,32.04,chocolaty-engine,0.0198,1.04,4,16,160,0.0033405755408039,0.3639674841551488
1,27.29,exact-sycamore,0.01411,0.85,4,16,160,0.0024131149793468,0.4021099048138812
2,27.74,auburn-range,0.1,1.15,8,32,80,0.0035252088933162,0.5754754530112398
0,38.63,broad-buy-in,0.0453,1.35,16,64,40,0.0037098422458285,0.4896739327290542
2,21.0,sad-subcompact,0.05217,0.9,8,32,80,0.0037098422458285,0.5016881723629916
2,23.95,massive-cash,0.09251,1.3,8,32,80,0.0022263347273867,0.365171437823082
2,23.25,olive-deadhead,0.21317,1.02,8,32,80,0.0036497290612896,0.3956207483769902
1,20.39,chocolate-codec,0.01982,0.91,4,16,160,0.0008050872929315,0.4141132773108307
2,9.9,concave-function,0.06887,1.25,8,32,80,0.0001867802519601,0.4254139163407426
0,15.38,feldspar-send,0.02253,0.92,16,64,40,0.0036497290612896,0.1618165906483132
1,32.65,linear-plaster,0.32521,0.79,4,16,160,0.0012366140819428,0.3623365636540684
0,33.26,wooden-canary,0.04287,0.94,16,64,40,0.0038966224977886,0.4901693047963798
1,18.66,resonnt-humanist,0.04709,1.03,4,16,160,0.0034629488093295,0.3484825346125205
0,18.1,booming-suite,0.20194,0.77,16,64,40,0.0001245201679734,0.196970071133365
1,33.49,all-romano,0.09327,1.06,4,16,160,0.0021039614588611,0.5143506074989405
2,14.41,woolen-yeoman,0.04627,0.82,8,32,80,0.0036497290612896,0.3348832714384462
2,27.4,tart-chives,0.04585,0.9,8,32,80,0.0027823816843714,0.4076789366564785
1,33.37,bounded-swatch,0.03628,1.08,4,16,160,0.0031537952888438,0.307233756891405
2,19.23,relaxed-food,0.22102,1.03,8,32,80,0.0021039614588611,0.4841003414722079
2,14.28,blocking-wok,0.00055,1.33,8,32,80,0.0038966224977886,0.3655498055893492
1,23.09,corn-owl,0.45453,1.07,4,16,160,0.0006183070409714,0.4524368843590033
1,6.51,paper-kettle,0.16742,0.82,4,16,160,0.0001245201679734,0.3425273795309848
2,16.33,piquant-cadet,0.00106,0.99,8,32,80,0.0034629488093295,0.3579171109214903
0,33.53,new-pintail,0.0379,0.89,16,64,40,0.0002490403359468,0.2567951409141576
2,13.99,sienna-unit,0.05278,1.02,8,32,80,0.0003091535204857,0.2679865676765661
1,13.89,messy-glass,0.12279,0.88,4,16,160,0.0037098422458285,0.3477571942979137
2,8.18,merciless-canal,0.01421,0.94,8,32,80,0.0001867802519601,0.3985554700346883
0,27.56,contemporary-pitch,0.01755,1.12,16,64,40,0.0033405755408039,0.3864301590315146
1,18.67,kinetic-tower,0.05054,1.32,4,16,160,0.0037721023298152,0.315120461969758
1,8.2,buttery-import,0.03295,0.94,4,16,160,0.0002490403359468,0.3746895290658216
0,14.28,regular-strip,0.04966,0.73,16,64,40,0.0038343624138019,0.3327622376390238
0,29.92,concrete-decay,0.00106,0.65,16,64,40,0.0038343624138019,0.3257604329866281
2,27.67,constant-cylinder,0.03209,1.09,8,32,80,0.0021039614588611,0.2411589651084315
2,28.24,exothermic-duck,0.16675,0.96,8,32,80,0.0023508548953601,0.3246832382769823
1,27.64,hidden-agreeance,0.04297,0.87,4,16,160,0.0029691619363315,0.3931466301650463
1,28.92,cobalt-discount,0.29873,0.84,4,16,160,0.0007428272089448,0.2821880876781527
2,15.47,relaxed-decorator,0.0322,0.96,8,32,80,0.0036497290612896,0.2591271387104695
0,19.49,orange-toucan,0.00625,1.31,16,64,40,0.0030915352048571,0.1920006052142284
1,29.02,spicy-gear,0.01195,1.38,4,16,160,0.0012988741659295,0.3827713338342214
0,19.44,tempered-module,0.0785,1.14,16,64,40,0.0016702877704019,0.2698844342166111
1,19.2,grave-nectar,0.09462,1.16,4,16,160,0.0003091535204857,0.3374966994276077
0,21.56,timid-chili,0.0013,0.7,16,64,40,0.0024131149793468,0.3522957250398671
2,9.44,mild-syrup,0.09527,0.82,8,32,80,0.0016702877704019,0.4546094350138529
2,23.26,stable-motor,0.06918,0.95,8,32,80,0.0016702877704019,0.4435190367840215
1,12.84,brutal-outboard,0.03772,1.17,4,16,160,0.0021039614588611,0.5594530705879778
1,20.3,shrewd-microphone,0.06387,0.89,4,16,160,0.0012988741659295,0.5482717401852215
1,16.17,flashed-ketchup,0.25569,0.94,4,16,160,0.0030915352048571,0.3358494873054901
0,6.34,quadratic-warp,0.14208,1.25,16,64,40,0.0001245201679734,0.3915851900343221
2,19.98,raw-banner,0.00051,1.09,8,32,80,0.0034629488093295,0.2633569083121251
0,0.0,soft-category,0.11419,0.78,16,64,40,0.0031537952888438,0.4671417834473664
0,17.84,chalky-accrual,0.45456,1.05,16,64,40,0.0001245201679734,0.240066840716276
2,26.68,marinated-turntable,0.17358,1.09,8,32,80,0.0003714136044724,0.4743236276912217
1,0.0,sad-index,0.04857,0.63,4,16,160,0.0033405755408039,0.4689038450967443
2,24.81,staccato-line,0.00412,0.93,8,32,80,0.0012988741659295,0.4208232584078189
2,18.47,icy-combination,0.03537,0.82,8,32,80,0.0038343624138019,0.4339856576200596
2,17.85,nippy-palisade,0.16979,0.87,8,32,80,0.0001245201679734,0.2951890303750808
2,15.87,proud-vial,0.08641,1.17,8,32,80,0.0012366140819428,0.1872671453705217
2,19.89,internal-folder,0.14433,1.22,8,32,80,0.0001245201679734,0.3837622881570164
1,17.79,international-ancestor,0.10734,1.02,4,16,160,0.0001245201679734,0.4551706911707274
2,21.73,obvious-slide,0.09663,0.88,8,32,80,0.0004336736884591,0.4176045799111458
0,0.0,decidable-convolution,0.31402,1.25,16,64,40,0.0017325478543886,0.2214607042543125
1,31.52,smoky-cream,0.20564,0.84,4,16,160,0.0008673473769182,0.3736964451712435
2,16.54,salty-shackle,0.0308,0.45,8,32,80,0.0001245201679734,0.2833842552333547
0,30.95,cold-synopsis,0.10744,0.7,16,64,40,0.0038343624138019,0.4555731539232242
0,11.88,bright-pudding,0.01571,1.17,16,64,40,0.0003714136044724,0.3022657143821027
0,19.11,resolving-cardinality,0.10398,0.94,16,64,40,0.0027823816843714,0.4919897239248719
2,6.01,light-vodka,0.09663,1.19,8,32,80,0.0001245201679734,0.2536349397437645
2,31.38,inflammable-pine,0.21993,0.92,8,32,80,0.0001245201679734,0.5493442476024906
0,22.94,ivory-albatross,0.06597,0.82,16,64,40,0.0014233943339029,0.3459544300197224
0,16.6,braised-retail,0.12379,1.28,16,64,40,0.0010519807294305,0.3417083631201024
1,21.8,muted-kestrel,0.0531,1.19,4,16,160,0.0001245201679734,0.2575329468685233
0,42.04,lazy-weed,0.13636,1.16,16,64,40,0.0013611342499162,0.3683165115610219
0,32.04,light-miter,0.07492,0.91,16,64,40,0.0011765008974039,0.3099735811370746
0,28.36,silly-lily,0.17142,1.05,16,64,40,0.0034629488093295,0.3749704502728819
0,25.0,toasted-cyclist,0.02036,0.95,16,64,40,0.0038966224977886,0.4839650965445726
0,8.86,wan-screed,0.15444,1.12,16,64,40,0.0007428272089448,0.4103965932399313
1,8.92,gentle-valance,0.16444,1.13,4,16,160,0.0016080276864152,0.3428039246552461
2,28.17,stubborn-collie,0.07454,0.8,8,32,80,0.0008673473769182,0.2640951214063423
1,28.02,dull-waterfall,0.01634,1.05,4,16,160,0.0037721023298152,0.4020689603321452
2,6.63,sticky-network,0.04989,0.82,8,32,80,0.0038966224977886,0.2012189392877217
0,0.7,lazy-chutney,0.18146,0.9,16,64,40,0.0021640746434,0.4124847545435445
1,32.41,burning-bin,0.13567,0.99,4,16,160,0.0030915352048571,0.3962648347739212
2,32.19,average-barracuda,0.14522,1.0,8,32,80,0.0001245201679734,0.368824540768418
0,23.95,impulsive-cabin,0.12981,0.91,16,64,40,0.0014233943339029,0.1826254080755071
0,11.38,sharp-armament,0.13847,1.43,16,64,40,0.0016702877704019,0.3914802021523303
1,6.53,flush-paddle,0.19114,0.96,4,16,160,0.0032783154568172,0.3982389361759897
2,19.74,international-fractal,0.00801,1.12,8,32,80,0.0031537952888438,0.3005388185932276
0,7.69,human-sap,0.06428,0.8,16,64,40,0.0011765008974039,0.5495689239468922
1,26.47,figurative-tetrad,0.00954,1.19,4,16,160,0.0004959337724458,0.6271093404387805
2,20.4,proper-interest,0.24219,1.18,8,32,80,0.0030915352048571,0.342561241391197
1,19.14,decidable-union,0.04649,0.23,4,16,160,0.0034629488093295,0.2832349465811793
1,30.5,khaki-dispersion,0.04681,0.55,4,16,160,0.0019171812069009,0.5683864305936719
0,43.58,honest-luggage,0.18543,1.42,16,64,40,0.0028446417683581,0.6827495948159857
1,21.59,magnetic-packet,0.06791,1.2,4,16,160,0.0004336736884591,0.3553710372446161
0,14.62,moderato-ridge,0.00494,0.99,16,64,40,0.0015457676024285,0.3418992105877324
2,23.13,knurled-skier,0.15713,1.13,8,32,80,0.0003091535204857,0.3525481702774635
1,19.59,courtly-humanist,0.09562,1.25,4,16,160,0.0009897206454438,0.2470356741053762
1,29.14,savory-raven,0.12333,0.5,4,16,160,0.0022263347273867,0.3663930737629861
0,52.96,tomato-entree,0.08318,1.13,16,64,40,0.0001245201679734,0.3317317356027851
2,18.33,bitter-date,0.10042,0.98,8,32,80,0.0008050872929315,0.5040601926591008
2,17.01,afraid-wagon,0.01726,0.89,8,32,80,0.0030314220203182,0.2986529756496751
2,18.15,future-formatting,0.16838,1.02,8,32,80,0.0001245201679734,0.4924678575629273
0,10.96,all-bar,0.01122,1.11,16,64,40,0.0015457676024285,0.3582822756337973
1,19.29,parallel-bracket,0.19507,0.75,4,16,160,0.0035874689773029,0.3714245569629036
2,18.6,shy-arrowroot,0.24234,0.84,8,32,80,0.0031537952888438,0.3251998000696958
0,19.82,oily-pug,0.12636,1.04,16,64,40,0.0032783154568172,0.3849003091622068
0,25.42,vibrato-tint,0.22831,0.82,16,64,40,0.0037721023298152,0.2718345368644304
2,9.23,late-playa,0.00582,0.75,8,32,80,0.0010519807294305,0.5929493434066341
1,17.84,slow-executive,0.0028,1.01,4,16,160,0.0037721023298152,0.4386628748769097
0,16.47,global-arbitration,0.01874,1.03,16,64,40,0.0038343624138019,0.5096262624536909
1,27.3,straight-infield,0.23362,0.75,4,16,160,0.0017325478543886,0.4420310174114874
0,34.48,worn-motif,0.01709,0.92,16,64,40,0.0036497290612896,0.2913266639582955
2,29.12,glum-app,0.04719,1.09,8,32,80,0.0001867802519601,0.2414454684513636
2,10.49,sunny-lintel,0.01096,0.82,8,32,80,0.0022263347273867,0.4874754539463186
2,20.64,short-valve,0.10599,0.82,8,32,80,0.0003091535204857,0.3452360801778887
1,21.7,sophisticated-bean,0.11788,0.81,4,16,160,0.0038966224977886,0.3494690878539973
0,23.8,connected-knot,0.06498,1.28,16,64,40,0.0001245201679734,0.4177242730225968
1,28.62,grim-bounce,0.13915,0.88,4,16,160,0.0024732281638857,0.4589645862413118
2,12.71,round-dog,0.10146,0.99,8,32,80,0.0024131149793468,0.1950708230840621
2,29.75,terminal-accent,0.199,0.87,8,32,80,0.0001245201679734,0.3561087280476386
2,21.83,many-consulate,0.07918,0.74,8,32,80,0.0025977483318591,0.2807579712411436
0,28.0,equilateral-minute,0.07406,1.2,16,64,40,0.0020417013748744,0.324703899261422
0,28.9,rosy-maltese,0.12372,1.1,16,64,40,0.0004959337724458,0.4679862326400779
0,22.71,intense-monitor,0.06173,0.87,16,64,40,0.0022263347273867,0.4075574393577946
1,12.21,coffee-store,0.07868,1.07,4,16,160,0.0016080276864152,0.287198042952986
0,10.57,plain-skua,0.14224,1.09,16,64,40,0.0038966224977886,0.335221440609376
1,14.54,noisy-coral,0.05425,0.81,4,16,160,0.0004959337724458,0.575604075235746
1,7.97,colorful-graph,0.0147,1.12,4,16,160,0.0009897206454438,0.2906397728466958
0,17.66,weathered-bog,0.13,1.1,16,64,40,0.0011142408134172,0.3883219172601727
1,42.46,insulated-pagoda,0.05581,0.99,4,16,160,0.0009897206454438,0.4034587184380013
1,17.25,polynomial-union,0.109,0.76,4,16,160,0.0034006887253428,0.3353006365578633
1,26.21,horizontal-island,0.01818,0.69,4,16,160,0.0032160553728305,0.393117499802815
1,9.87,wood-beef,0.05862,0.98,4,16,160,0.0010519807294305,0.3403252319709847
0,16.48,intense-fender,0.00692,0.92,16,64,40,0.0038966224977886,0.4703205478999415
1,12.79,spatial-wave,0.10317,1.38,4,16,160,0.0029691619363315,0.3393059900895998
0,30.42,sour-bone,0.04843,0.78,16,64,40,0.0037098422458285,0.4092672897140306
0,23.79,laminated-jigsaw,0.12233,0.69,16,64,40,0.0001245201679734,0.335776913533561
2,14.08,beige-cheesesteak,0.01937,0.86,8,32,80,0.0017325478543886,0.5281705465977363
0,9.51,beveled-bocaccio,0.00023,1.12,16,64,40,0.0025354882478724,0.3934835817161709
0,24.05,stale-salsa,0.08161,0.81,16,64,40,0.0003714136044724,0.5878005428185666
2,19.05,intense-arpeggio,0.09681,1.01,8,32,80,0.0036497290612896,0.3396391898342114
0,18.79,mute-procedure,0.12661,0.74,16,64,40,0.0037721023298152,0.403849313574667
0,33.84,oscillating-FM,0.25484,0.82,16,64,40,0.0038966224977886,0.4064131674826152
1,30.71,topped-lard,0.08243,1.07,4,16,160,0.0016702877704019,0.2406197529023534
2,25.45,aged-ownership,0.00823,1.08,8,32,80,0.0021640746434,0.4309098384056831
0,20.65,relaxed-event,0.12929,0.92,16,64,40,0.0012988741659295,0.2901760547241979
1,21.71,plain-beat,0.00976,0.99,4,16,160,0.0017948079383753,0.4687918007684659
2,42.1,candied-take,0.01078,1.26,8,32,80,0.0022885948113734,0.3467487027479574
0,5.72,linear-agent,0.03503,0.79,16,64,40,0.0004336736884591,0.4765123701379891
2,23.84,national-fencing,0.05401,1.09,8,32,80,0.0038966224977886,0.4453793756813657
2,8.46,icy-receipt,0.12803,0.87,8,32,80,0.0001245201679734,0.4140623078953739
2,17.08,level-squib,0.01473,1.1,8,32,80,0.0004959337724458,0.2978490870552721
1,10.41,local-lion,0.09435,0.91,4,16,160,0.0004959337724458,0.4211845213591274
0,24.47,strong-jacquard,0.02971,1.04,16,64,40,0.0009897206454438,0.3548825517056566
0,9.63,chalky-cheesesteak,0.00686,1.18,16,64,40,0.0022263347273867,0.3459526875768848
1,26.8,silver-converter,0.0557,0.71,4,16,160,0.0038343624138019,0.4946533587517088
1,12.31,cheesy-limestone,0.06337,1.0,4,16,160,0.0001245201679734,0.3919270746659571
0,33.93,fresh-receipt,0.03468,0.8,16,64,40,0.0006805671249581,0.2232985804649947
1,35.92,brute-voile,0.0197,0.77,4,16,160,0.0001245201679734,0.5107214444451537
0,25.46,diachronic-speed,0.17698,1.08,16,64,40,0.0027222684998325,0.3027807026894085
2,29.27,volumetric-banner,0.03618,0.89,8,32,80,0.0006805671249581,0.3092909319469892
0,25.36,shy-font,0.06885,1.18,16,64,40,0.0014233943339029,0.4362865936484622
2,16.1,funny-gofer,0.04084,0.8,8,32,80,0.0014856544178896,0.1976250338112247
2,17.12,chestnut-chianti,0.11187,1.0,8,32,80,0.0028446417683581,0.3776594046866176
0,34.94,basic-landlubber,0.02746,0.85,16,64,40,0.0001245201679734,0.3678157905833441
2,14.76,rust-pouch,0.06032,0.87,8,32,80,0.0022885948113734,0.3344806016988195
1,36.27,sticky-coastie,0.23094,1.1,4,16,160,0.0001245201679734,0.3025311781148143
0,18.82,saucy-manager,0.0602,0.82,16,64,40,0.0038966224977886,0.3509553945862608
1,33.38,active-kite,0.00485,1.23,4,16,160,0.0038966224977886,0.3793555234749015
0,23.39,constant-image,0.17518,0.89,16,64,40,0.0025354882478724,0.2985073200986329
1,8.17,late-albatross,0.09899,1.13,4,16,160,0.0038966224977886,0.2618947355403531
0,34.62,chewy-limo,0.00508,0.91,16,64,40,0.0029691619363315,0.4892999381919904
2,8.06,medium-basin,0.18352,0.8,8,32,80,0.0001245201679734,0.4998763828219754
0,26.0,rancid-map,0.01995,0.87,16,64,40,0.0038966224977886,0.3077769665296997
2,4.59,roaring-recursion,0.21093,0.76,8,32,80,0.0035874689773029,0.3870041702498666
0,24.44,counting-frogman,0.15318,1.03,16,64,40,0.0011142408134172,0.2150795076323854
2,1.35,plumb-trip,0.05171,1.2,8,32,80,0.0001245201679734,0.391944990285412
2,34.98,dynamic-pace,0.02504,0.9,8,32,80,0.0038966224977886,0.3226440154780691
1,30.15,blended-latitude,0.09339,0.87,4,16,160,0.0001245201679734,0.5579826793307178
1,34.05,intense-eagle,0.20575,1.38,4,16,160,0.0003091535204857,0.403291382804934
2,26.18,mild-inversion,0.10413,1.17,8,32,80,0.0030314220203182,0.3268577631932401
2,18.69,sensitive-betta,0.11116,0.67,8,32,80,0.0038966224977886,0.2387254419531765
0,5.4,hidden-joule,0.12049,1.14,16,64,40,0.0038966224977886,0.4842138665156872
0,36.89,humble-mitt,0.12413,0.84,16,64,40,0.0029691619363315,0.6783746138888181
2,24.39,simple-queue,0.12137,1.04,8,32,80,0.0038966224977886,0.4375376427253597
2,2.34,coincident-prop,0.22954,1.34,8,32,80,0.0026600084158458,0.3819460065006256
0,37.06,giant-passenger,0.03729,0.84,16,64,40,0.0012988741659295,0.2762713405111428
2,23.03,wan-mine,0.44198,1.3,8,32,80,0.0011765008974039,0.3463465456028457
1,21.77,generative-enamel,0.17329,1.19,4,16,160,0.0038343624138019,0.4056560983826828
1,35.29,citric-vodka,0.09208,0.7,4,16,160,0.0019171812069009,0.4658639014587553
0,32.18,cool-snipe,0.02195,0.77,16,64,40,0.0006805671249581,0.485872160724139
2,18.0,noisy-bunker,0.13598,1.18,8,32,80,0.0037098422458285,0.3002089139679665
1,23.51,icy-pixel,0.07495,1.06,4,16,160,0.0017948079383753,0.429088390946261
1,18.78,deterministic-cover,0.01489,0.99,4,16,160,0.0037721023298152,0.3575006755779395
1,25.36,frayed-hearth,0.00164,1.02,4,16,160,0.0027222684998325,0.3259403393079918
0,8.87,persistent-hamburger,0.05495,0.77,16,64,40,0.0001245201679734,0.3920024010009667
2,17.02,dynamic-enfilade,0.12708,1.37,8,32,80,0.0008673473769182,0.4740018846010781
2,19.0,dry-baseline,0.14308,1.06,8,32,80,0.0009274605614571,0.298100958471295
2,31.63,descent-document,0.19107,0.69,8,32,80,0.0001245201679734,0.2467831172187454
0,2.69,kinetic-palette,0.13344,1.02,16,64,40,0.0037098422458285,0.3791892063177794
2,20.24,frayed-window,0.0208,1.25,8,32,80,0.0038966224977886,0.4235081894914114
2,31.92,objective-engine,0.02887,1.65,8,32,80,0.0030915352048571,0.3049252359146804
0,12.83,amber-gloss,0.02069,0.75,16,64,40,0.0012988741659295,0.2711681521796836
2,40.84,ebony-account,0.21347,0.73,8,32,80,0.0030314220203182,0.3838855696668826
2,11.69,respectful-assurance,0.4364,0.83,8,32,80,0.0014233943339029,0.308615180398987
0,19.62,juvenile-credits,0.13311,1.09,16,64,40,0.0014856544178896,0.3684694749706265
0,43.99,amiable-gradient,0.48299,1.27,16,64,40,0.0019794412908877,0.3096332473182313
2,24.89,wan-graph,0.12848,1.19,8,32,80,0.0015457676024285,0.3070054311948838
0,33.85,regular-clip,0.00404,0.8,16,64,40,0.0006183070409714,0.320181025130189
0,20.67,windy-prior,0.09181,1.43,16,64,40,0.0003091535204857,0.3967059456296619
2,24.9,damp-matrix,0.33877,0.92,8,32,80,0.0023508548953601,0.3922956718186377
0,27.57,chamfered-triangle,0.01755,0.63,16,64,40,0.0034629488093295,0.4376112417514163
0,25.2,resultant-revolver,0.01883,1.18,16,64,40,0.0030915352048571,0.4009597552892552
0,13.93,frosty-admin,0.23467,1.42,16,64,40,0.0001245201679734,0.4642127843739381
2,25.31,nondeterministic-discount,0.16556,1.08,8,32,80,0.0013611342499162,0.3903527990201152
2,19.61,soluble-incubator,0.17772,1.24,8,32,80,0.0025354882478724,0.3268492886653238
1,7.93,frigid-muenster,0.03181,1.14,4,16,160,0.0009897206454438,0.4694157388251411
2,27.17,corn-sauvignon,0.08343,0.98,8,32,80,0.0003091535204857,0.303541210527406
1,32.65,trite-light,0.32202,0.81,4,16,160,0.0037721023298152,0.307126629470103
1,23.79,central-tap,0.15817,0.77,4,16,160,0.0037721023298152,0.6476175252597204
2,27.88,minty-goo,0.03875,1.15,8,32,80,0.0021039614588611,0.5112371389997262
2,21.03,intractable-truck,0.00552,0.8,8,32,80,0.0001245201679734,0.4787910249736347
1,28.9,amortized-osprey,0.02001,0.84,4,16,160,0.0037098422458285,0.4051877829125643
0,19.16,curious-church,0.01808,0.99,16,64,40,0.0002490403359468,0.367650368342624
1,15.23,descriptive-lag,0.10068,1.13,4,16,160,0.0001245201679734,0.2614463621193511
0,9.34,blended-radio,0.14632,1.17,16,64,40,0.0007428272089448,0.3036328342989886
0,27.25,smoggy-hickory,0.02748,1.28,16,64,40,0.0035874689773029,0.3575021650672578
0,17.68,great-debt,0.0091,0.84,16,64,40,0.0015457676024285,0.5754618718863983
0,13.1,relative-layer,0.00337,1.23,16,64,40,0.0013611342499162,0.5594018292226
2,19.05,freezing-server,0.0438,0.75,8,32,80,0.0005581938564325,0.292074894408257
0,11.37,staff-board,0.03894,0.81,16,64,40,0.0038966224977886,0.3208825865110545
2,16.81,matte-redshift,0.00468,1.21,8,32,80,0.0011142408134172,0.45424674356496
2,8.57,electric-overtone,0.04028,1.08,8,32,80,0.0038966224977886,0.2914861132011219
1,3.42,taxonomic-birth,0.03142,0.73,4,16,160,0.0038966224977886,0.2998589139019869
1,14.5,lower-editorial,0.10553,0.84,4,16,160,0.0004336736884591,0.2928208938299595
2,17.47,rancid-roadway,0.00619,0.99,8,32,80,0.0034629488093295,0.4935183500403974
1,14.33,internal-major,0.2406,0.56,4,16,160,0.0018549211229142,0.3718025750274937
2,53.63,pallid-slab,0.09708,0.88,8,32,80,0.0011142408134172,0.3828605044199744
0,30.88,succulent-directory,0.0291,1.4,16,64,40,0.0027823816843714,0.2948659803453838
0,28.8,relaxed-underwriter,0.10082,1.01,16,64,40,0.0001245201679734,0.5265076117072802
1,13.58,spicy-outpost,0.02862,0.66,4,16,160,0.0020417013748744,0.2596810920581971
0,27.32,sizzling-luggage,0.20696,1.19,16,64,40,0.0001867802519601,0.2605638659820879
2,24.79,relaxed-queso,0.16133,1.18,8,32,80,0.0001867802519601,0.5450223456335352
0,26.31,current-potentiality,0.12906,0.97,16,64,40,0.0002490403359468,0.4208401367689042
1,11.88,isochoric-mine,0.02889,0.89,4,16,160,0.0030314220203182,0.3696353040149181
2,2.45,molten-rectangle,0.3025,0.88,8,32,80,0.0008050872929315,0.3247047797543763
1,16.37,auburn-source,0.0212,1.03,4,16,160,0.0003091535204857,0.4262015910437209
0,21.48,recursive-space,0.00842,0.82,16,64,40,0.0023508548953601,0.3185832443222648
1,12.06,khaki-sap,0.04611,0.94,4,16,160,0.0034006887253428,0.4002898053841032
2,35.07,desert-clique,0.07847,1.24,8,32,80,0.0031537952888438,0.3580943194807591
1,16.5,naive-winch,0.02151,0.55,4,16,160,0.0037098422458285,0.2232104573830622
0,21.5,icy-ray,0.0266,1.11,16,64,40,0.0038343624138019,0.2237086462937534
1,19.96,upbeat-volley,0.21899,0.66,4,16,160,0.0038343624138019,0.5768939965514642
0,27.15,canary-moss,0.04107,0.83,16,64,40,0.0038966224977886,0.3864236212997973
2,25.94,milky-stereo,0.07797,1.26,8,32,80,0.0014233943339029,0.3030835605328801
0,0.0,obnoxious-shape,0.01073,0.72,16,64,40,0.0016702877704019,0.333890737732531
2,12.33,ragged-supernova,0.17816,1.13,8,32,80,0.0024732281638857,0.4036327298180985
1,51.97,blistering-falcon,0.02312,0.93,4,16,160,0.0007428272089448,0.4075637007460627
0,2.96,messy-sniffer,0.00879,1.22,16,64,40,0.0035252088933162,0.5777701110389915
1,28.12,simple-medal,0.01359,0.96,4,16,160,0.0011142408134172,0.3494833981257494
0,20.65,alternating-shallows,0.03409,1.0,16,64,40,0.0035874689773029,0.3453284129524053
2,18.33,purple-mamba,0.03145,1.28,8,32,80,0.0038966224977886,0.3155776118678997
2,11.35,greasy-feta,0.06192,0.64,8,32,80,0.0036497290612896,0.3227790356115402
2,32.33,sunny-bagel,0.01023,1.11,8,32,80,0.0012988741659295,0.2915409782457361
0,24.95,trite-payment,0.05323,0.93,16,64,40,0.0024131149793468,0.4382369439895922
0,25.55,cobalt-compartment,0.08453,1.07,16,64,40,0.0001245201679734,0.4284852196636105
0,24.08,aquamarine-mirror,0.0098,0.81,16,64,40,0.0006805671249581,0.4383824838743273
0,20.98,straight-age,0.07666,0.76,16,64,40,0.0001245201679734,0.457840903346272
1,25.22,watery-collision,0.09287,1.06,4,16,160,0.0038966224977886,0.3511418848054242
2,6.27,internal-designer,0.01769,1.11,8,32,80,0.0031537952888438,0.4050880641966032
1,28.68,deterministic-cosine,0.03385,0.6,4,16,160,0.0008673473769182,0.3118622136263129
1,9.75,horizontal-canister,0.14161,0.75,4,16,160,0.0035874689773029,0.3267928955771728
0,11.51,nimble-davit,0.05641,1.08,16,64,40,0.0008673473769182,0.3486440717365526
2,26.52,stone-mile,0.09939,1.27,8,32,80,0.0027222684998325,0.288881988543588
2,22.83,tart-texture,0.01245,1.1,8,32,80,0.0037098422458285,0.383823918600035
1,30.87,pallid-mullet,0.21561,0.92,4,16,160,0.0001867802519601,0.5495140146234767
0,27.43,paper-mouth,0.09546,0.87,16,64,40,0.0008673473769182,0.4608726765916355
2,15.64,massive-line,0.01462,1.23,8,32,80,0.0005581938564325,0.3700150260233983
0,26.18,oriented-bag,0.11618,1.06,16,64,40,0.0006805671249581,0.289866912316079
2,26.11,archaic-trust,0.29545,1.07,8,32,80,0.0015457676024285,0.4095770284853169
0,18.29,novel-file,0.48018,1.16,16,64,40,0.0022885948113734,0.2376114216569989
1,13.48,largo-loveseat,0.40283,0.55,4,16,160,0.0035252088933162,0.2161899345860183
2,15.55,cool-matrix,0.06332,1.23,8,32,80,0.0037098422458285,0.4084119642314662
0,13.65,creamy-user,0.13236,1.16,16,64,40,0.0028446417683581,0.3527405139025664
2,12.3,binary-arrangement,0.0351,0.9,8,32,80,0.0038343624138019,0.4008563454887813
1,19.5,fundamental-string,0.02687,1.14,4,16,160,0.0014856544178896,0.2228172781560261
2,30.52,regional-variance,0.27116,1.07,8,32,80,0.0005581938564325,0.3435989908384754
2,19.0,grim-chain,0.08812,1.21,8,32,80,0.0004336736884591,0.4042715144301513
2,24.32,stone-post,0.45764,1.09,8,32,80,0.0004336736884591,0.3243695003267717
2,18.8,undirected-vivace,0.0011,1.28,8,32,80,0.0003714136044724,0.5108660304300701
0,5.64,bright-accent,0.03255,0.87,16,64,40,0.0006805671249581,0.411553260194433
0,17.46,instant-landlubber,0.12225,1.36,16,64,40,0.0004336736884591,0.3261907142582822
2,0.0,covering-dynamic,0.01517,0.95,8,32,80,0.0030314220203182,0.3523728590771157
2,9.29,celeste-caribou,0.00046,0.96,8,32,80,0.0022885948113734,0.4181052391736475
2,16.62,gravitational-family,0.20071,0.47,8,32,80,0.0038343624138019,0.3594028828978227
0,7.32,warped-chickadee,0.19781,0.95,16,64,40,0.0002490403359468,0.39187831188343
1,0.0,shiny-islet,0.04733,1.06,4,16,160,0.0001245201679734,0.4891610074097929
0,7.58,careful-tongue,0.23308,1.18,16,64,40,0.0001867802519601,0.3624610947411714
2,13.59,undecidable-move,0.04347,1.28,8,32,80,0.0006183070409714,0.3595666364405112
0,28.59,creamy-level,0.15335,0.93,16,64,40,0.0001245201679734,0.3665016550226072
1,24.35,pleasant-world,0.35123,1.02,4,16,160,0.0036497290612896,0.3624368664460916
0,33.02,charcoal-sea,0.23401,1.34,16,64,40,0.0002490403359468,0.2579762292555918
2,13.72,independent-grape,0.0233,0.87,8,32,80,0.0012988741659295,0.3026160606234347
2,0.65,worn-double,0.06996,1.0,8,32,80,0.0026600084158458,0.3334907891706508
0,31.72,vintage-outboard,0.19056,1.04,16,64,40,0.0031537952888438,0.2211244220808319
0,7.84,helpful-brace,0.08616,0.94,16,64,40,0.0032783154568172,0.1564477328071208
1,24.46,knurled-variance,0.00261,1.0,4,16,160,0.0025977483318591,0.243985489120789
0,8.9,symmetric-dog,0.07013,1.11,16,64,40,0.0003091535204857,0.3457084114398713
2,15.34,electrical-column,0.1198,0.96,8,32,80,0.0008050872929315,0.4752378828255016
0,34.5,violent-fossil,0.17913,0.84,16,64,40,0.0038343624138019,0.274799437885345
2,15.18,forgiving-port,0.09014,0.98,8,32,80,0.0002490403359468,0.5158992251148807
2,8.72,nutritious-lodge,0.46647,1.06,8,32,80,0.0016702877704019,0.2986827225063872
0,5.56,fried-yard,0.0187,1.25,16,64,40,0.0016080276864152,0.3147419842210767
0,5.45,agile-convert,0.09409,1.19,16,64,40,0.0037721023298152,0.3355827616474542
1,23.75,shabby-butterkase,0.00815,1.34,4,16,160,0.0034629488093295,0.4120851999194055
0,12.45,fancy-assistant,0.00046,0.94,16,64,40,0.0035874689773029,0.5416993083180245
1,25.36,hard-butter,0.06748,0.83,4,16,160,0.0038966224977886,0.335332012755942
1,16.86,pallid-cave,0.11848,0.94,4,16,160,0.0033405755408039,0.5492714073317754
1,9.09,cold-thyme,0.14192,0.89,4,16,160,0.0021039614588611,0.3402049876260614
1,27.49,shiny-kudos,0.09137,1.24,4,16,160,0.0001245201679734,0.4063455647978208
2,23.06,respectful-sugar,0.45739,1.06,8,32,80,0.0009897206454438,0.4260919968616782
1,14.97,snow-dimension,0.16391,0.88,4,16,160,0.0006183070409714,0.3497804975301826
0,14.15,avocado-corolla,0.13418,0.99,16,64,40,0.0001245201679734,0.4425216002610515
2,31.86,orange-encumbrance,0.06814,1.46,8,32,80,0.0037721023298152,0.4187913666955108
2,11.45,steel-stock,0.09127,0.92,8,32,80,0.0001245201679734,0.5399163925394084
0,17.15,easy-stew,0.14378,1.12,16,64,40,0.0001245201679734,0.5315793134060378
1,23.57,briny-router,0.00499,0.63,4,16,160,0.0037098422458285,0.3830795576090638
0,20.8,instant-front,0.35677,1.05,16,64,40,0.0001245201679734,0.4241503066182926
0,11.56,spicy-scarfing,0.09752,0.96,16,64,40,0.0034629488093295,0.3199210648767384
1,32.48,primordial-gong,0.02058,0.81,4,16,160,0.0003714136044724,0.324690588850262
1,19.33,quadratic-change,0.10411,0.87,4,16,160,0.0036497290612896,0.4326467513241419
0,17.78,creamy-lamp,0.28671,0.94,16,64,40,0.0001245201679734,0.2812597715322592
1,15.7,overcast-gum,0.03016,0.67,4,16,160,0.0038966224977886,0.334074795398193
1,23.16,aquamarine-resultant,0.01364,1.25,4,16,160,0.0035874689773029,0.3983925821024479
2,9.71,resonnt-sheave,0.08153,0.94,8,32,80,0.0001245201679734,0.4614991108244167
1,39.07,green-grid,0.03189,1.02,4,16,160,0.0035874689773029,0.5385945555743947
1,33.14,future-major,0.15969,0.95,4,16,160,0.0035874689773029,0.4891381404473773
0,17.65,cross-canon,0.04473,1.37,16,64,40,0.0037721023298152,0.5042058358900061
1,0.0,nippy-hill,0.02012,1.04,4,16,160,0.0031537952888438,0.2201487032164347
2,12.89,knurled-effusion,0.08562,0.95,8,32,80,0.0012988741659295,0.3825853105931128
0,26.81,trusting-forte,0.30032,0.84,16,64,40,0.0036497290612896,0.4099952241856314
2,9.07,wicker-basis,0.13471,1.08,8,32,80,0.0025977483318591,0.266644175616287
1,19.94,synchronic-actor,0.06139,1.01,4,16,160,0.0001245201679734,0.396106921702559
1,17.49,human-nectarine,0.05955,0.95,4,16,160,0.0024732281638857,0.3979204268724999
2,0.39,optimal-hypothesis,0.12983,0.81,8,32,80,0.0003714136044724,0.3047186681346129
1,33.44,flat-bass,0.23595,0.99,4,16,160,0.0010519807294305,0.2515932343292575
0,27.99,null-imprint,0.02685,0.79,16,64,40,0.0005581938564325,0.3324482365197111
0,26.42,messy-seed,0.28971,0.94,16,64,40,0.0035874689773029,0.2370434075428282
0,28.48,metallic-cache,0.00253,1.36,16,64,40,0.0003714136044724,0.4605799356312022
2,30.18,beige-histogram,0.06557,0.65,8,32,80,0.0018549211229142,0.2799237300113387
2,9.26,forgiving-soil,0.09881,1.09,8,32,80,0.0035252088933162,0.3462518975940801
1,12.15,colorful-tropics,0.0151,1.08,4,16,160,0.0024131149793468,0.2388040872605247
1,4.23,complete-piano,0.08656,1.09,4,16,160,0.0003714136044724,0.3970781295256922
1,15.98,absolute-combat,0.17676,1.0,4,16,160,0.0024131149793468,0.3984223482416689
0,33.6,burning-drive,0.0306,1.31,16,64,40,0.0030314220203182,0.5115643698786065
1,17.19,flavorful-headset,0.10318,0.85,4,16,160,0.0001245201679734,0.2950222368438561
0,29.22,baked-ribbon,0.11804,1.21,16,64,40,0.0002490403359468,0.306374828851405
1,19.04,full-synth,0.03339,0.75,4,16,160,0.0006805671249581,0.4288860969317902
2,24.0,lean-hound,0.03566,1.24,8,32,80,0.0035874689773029,0.305546424722088
1,18.2,endothermic-mortgage,0.01128,1.0,4,16,160,0.0034629488093295,0.3919264573628188
0,5.1,fundamental-span,0.16237,1.11,16,64,40,0.0038966224977886,0.2667228029376692
2,22.39,organic-truss,0.03952,0.97,8,32,80,0.0018549211229142,0.2526270243932913
1,14.21,coincident-fair,0.06456,1.11,4,16,160,0.0036497290612896,0.6531250199745269
0,19.49,fixed-interference,0.01166,1.1,16,64,40,0.0022263347273867,0.4215163171880167
2,20.25,inverted-panini,0.08916,0.74,8,32,80,0.0008673473769182,0.2286558544140093
2,18.57,frayed-detail,0.0858,1.03,8,32,80,0.0001245201679734,0.2978831221934317
2,24.45,obvious-recordist,0.01137,1.36,8,32,80,0.0035252088933162,0.3245163269658784
1,4.71,fat-slab,0.08046,0.87,4,16,160,0.0004959337724458,0.509297093407266
2,19.22,amicable-tiger,0.00306,1.23,8,32,80,0.0003714136044724,0.3176397533947139
1,11.47,relaxed-hardball,0.04271,0.95,4,16,160,0.0004959337724458,0.3350847464669392
2,18.68,forward-platform,0.02997,1.36,8,32,80,0.0008050872929315,0.4104425979854691
1,4.95,drab-bevel,0.00103,1.16,4,16,160,0.0025354882478724,0.3277355792361795
0,21.86,lime-echo,0.23004,1.18,16,64,40,0.0038966224977886,0.396139218733549
1,20.84,inverse-diction,0.03828,1.03,4,16,160,0.0008673473769182,0.2668740652892854
0,23.42,chalky-joint,0.1724,0.63,16,64,40,0.0001245201679734,0.4012949129788886
0,33.89,sizzling-leg,0.03152,0.68,16,64,40,0.0034629488093295,0.278392087839828
0,31.63,collinear-gallery,0.03508,1.05,16,64,40,0.0022885948113734,0.303112833494608
2,23.34,windy-panini,0.01136,1.05,8,32,80,0.0037098422458285,0.460407945765018
2,23.86,finite-structure,0.03335,1.17,8,32,80,0.0033405755408039,0.3773172090393026
2,23.51,coplanar-sage,0.11521,0.87,8,32,80,0.0038966224977886,0.2896290334256291
0,12.93,coal-post,0.13854,1.25,16,64,40,0.0003091535204857,0.3563202866202333
2,22.4,tattered-penguin,0.19985,1.22,8,32,80,0.0031537952888438,0.294035199072059
0,34.7,mode-piles,0.04192,0.94,16,64,40,0.0029691619363315,0.6453033221644221
1,6.68,excited-bismuth,0.23551,0.9,4,16,160,0.0034629488093295,0.4689004051555424
2,33.6,hushed-sail,0.10263,1.36,8,32,80,0.0011765008974039,0.5208199688481184
1,5.02,dyadic-outlier,0.09097,0.77,4,16,160,0.0030314220203182,0.3349233831929799
1,22.02,brilliant-mead,0.08817,1.21,4,16,160,0.0038966224977886,0.1982152985394863
0,20.66,shy-pair,0.04335,0.76,16,64,40,0.0012988741659295,0.5418020867720794
2,19.24,gritty-barracks,0.03074,0.87,8,32,80,0.0027823816843714,0.3080616952953611
0,11.99,investor-chalet,0.09007,1.22,16,64,40,0.0037721023298152,0.2970875269027608
0,14.62,direct-market,0.01423,0.89,16,64,40,0.0003091535204857,0.4235519842804193
2,33.1,citron-covey,0.10142,1.26,8,32,80,0.0030314220203182,0.3670806569524368
2,39.53,marinated-phalanx,0.16197,0.81,8,32,80,0.0006805671249581,0.5105696152628103
2,32.49,worried-dictionary,0.00893,0.95,8,32,80,0.0032783154568172,0.3741507321625275
